Solute_SMILES,Solvent_SMILES,log-gamma,T,key_class,GNNCat,GH-GNN_wo,SolvGNNCat,SolvGNNGH_wo,GH-GNN
CC1CCCCC1C,CCCCOC(=O)COC(=O)c1ccccc1C(=O)OCCCC,0.819779831,120.0,Benzene and substituted derivatives_Saturated hydrocarbons,0.5977627038955688,0.5569149255752563,0.5519044995307922,0.5162094831466675,0.4682416915893554
CC1CCCCC1C,CCCCOC(=O)COC(=O)c1ccccc1C(=O)OCCCC,0.779324877,120.0,Benzene and substituted derivatives_Saturated hydrocarbons,0.5977626442909241,0.5569144487380981,0.5519043207168579,0.5162094831466675,0.4682416915893554
COc1ccc(C#N)cc1,CC(=CCCC(=CCCC(=CCCC=C(C)CCC=C(C)CCC=C(C)C)C)C)C,1.208960346,80.0,Prenol lipids_Benzene and substituted derivatives,1.5068907737731934,0.8846225738525391,0.972297191619873,1.3735302686691284,0.8843393325805664
